,asset,CVaR 0.05,CVaR 0.01,mean,quartile_1,quartile_3,max,min
0,101_PV_1_forecasts_actual,-76629.54777078424,-94793.5838879093,1849003.54251,1849003.54251,1849003.54251,1849003.54251,1849003.54251
