,asset,CVaR_differential,mean,quartile_1,quartile_3,max,min
0,101_PV_1_forecasts_actuals,-49338.50151078426,1876294.58877,1876294.58877,1876294.58877,1876294.58877,1876294.58877
